Website,Closest Address found
https://la.adl.org/,"10495 Santa Monica Blvd, Los Angeles, CA 90025, United States"
https://www.californialandmark.com/,"10600 Santa Monica Blvd, Los Angeles, CA 90025, United States"
http://www.uaii.org/,"1453 W Temple St, Los Angeles, CA 90026, United States"
https://www.ashtontowers.com/,"10930 Ashton Ave #207, Los Angeles, CA 90024, United States"
http://alkterra.com/,"1111 S Grand Ave Suite 1100, Los Angeles, CA 90015, United States"
http://www.ptbusinesssolutions.com/,"1039 Hope St, South Pasadena, CA 91030, United States"
http://www.shalikmorris.com/the-firm/,"1177 Summer St #301b, Stamford, CT 06905, United States"
https://brchndesignhouse.com/,"1155 S Grand Ave, Los Angeles, CA 90015, United States"
https://www.laparks.org/park/moorpark,"12061 Moorpark St, Studio City, CA 91604, United States"
https://www.earlymusic.bc.ca/,"1254 W 7th Ave, Vancouver, BC V6H 1B6, Canada"
https://residentsmedical.com/,"11766 Wilshire Blvd, Los Angeles, CA 90025, United States"
https://www.bixelat5th.com/,"1311 W 5th St #102, Los Angeles, CA 90017, United States"
http://newschoolconsulting.com/,"1321 Sunset Blvd, Los Angeles, CA 90026, United States"
http://atwoodhollywood.com/,"1338 Gordon St, Los Angeles, CA 90028, United States"
http://abstract1330.com/,"1330 Federal Ave, Los Angeles, CA 90025, United States"
https://www.zillow.com/apartments/los-angeles-ca/1352-s-carmelina/Ch5dFc/,"1352 S Carmelina Ave, Los Angeles, CA 90025, United States"
http://www.1441midvale.com/?page=contact2,"1441 Midvale Ave, Los Angeles, CA 90024, United States"
https://juicepress.com/?utm_source=google&utm_medium=organic&utm_campaign=gbp-listing,"144 N 8th St, Brooklyn, NY 11249, United States"
https://www.theloftsonlabrea.com/,"1616 N La Brea Ave, Los Angeles, CA 90028, United States"
https://candcbranding.com/,"161 N 4th St APT 2K, Brooklyn, NY 11211, United States"
https://www.libertytax.com/14924,"1710 W Valencia Rd 164 Suite 164, Tucson, AZ 85746, United States"
http://tradeland.org/contact.htm,"1740 Butler Ave, Los Angeles, CA 90025, United States"
https://tools.usps.com/locations/details/1387092?utm_source=google-my-business-url&utm_medium=search&utm_campaign=yext,"11420 Santa Monica Blvd, Los Angeles, CA 90025, United States"
http://www.smilecenter.com/,"18663 Ventura Blvd #200, Tarzana, CA 91356, United States"
http://theritzonlafayette.bhprop.com/,"219 La Fayette Park Pl, Los Angeles, CA 90057, United States"
https://www.historiccore.com/,"209 W 5th St, Los Angeles, CA 90013, United States"
http://www.brianerbis.nyc/,"598 Union Ave, Brooklyn, NY 11211, United States"
http://www.timmoyermanagement.com/contact.html,"2211 E Camelback Rd, Phoenix, AZ 85016, United States"
https://lacleaningco.com/,"225 S Grand Ave #1906, Los Angeles, CA 90012, United States"
https://www.hollyburn.com/building/kerrisdale-tower-a/?utm_campaign=search%20engine&utm_source=google%20my%20business&utm_medium=organic%20search,"2191 W 39th Ave, Vancouver, BC V6M 1T7, Canada"
https://www.egattorneys.com/,"2121 Avenue of the Stars 8th Fl, Los Angeles, CA 90067, United States"
http://www.brifon.com/,"1413 Jackson St, San Francisco, CA 94109, United States"
http://www.infosys.com/,"2400 N Glenville Dr c150, Richardson, TX 75082, United States"
http://www.grahamkeegan.com/,"604 Occidental Blvd, Los Angeles, CA 90026, United States"
http://www.vintage-flats.com/?switch_cls[id]=95177,"293 Grote St, Buffalo, NY 14207, United States"
https://www.redefiningaccountingservices.com/,"10801 National Blvd, Los Angeles, CA 90064, United States"
http://www.marinaharbor.com/,"4500 Via Marina, Marina Del Rey, CA 90292, United States"
http://www.pediatrix.com/MFMSoCal?utm_medium=Referral&utm_campaign=General&utm_content=Listing&utm_source=GMB_Reputation,"361 Hospital Rd #229, Newport Beach, CA 92663, United States"
https://pivotalstrategies.com/contact,"9619 National Blvd, Los Angeles, CA 90034, United States"
https://campkingston.com/,"36 St James St, Kingston, NY 12401, United States"
https://www.nmwlawfirm.com/,"3 E Greenway Plaza # 1575, Houston, TX 77046, United States"
https://www.extraspace.com/storage/facilities/us/california/marina_del_rey/501518/?cid=org::maps&utm_source=google&utm_medium=organic&utm_campaign=org::maps,"4095 Glencoe Ave, Marina Del Rey, CA 90292, United States"
https://meadowridgedavis.com/,"4447 Cowell Blvd, Davis, CA 95618, United States"
https://www.pooltableslosangeles.com/,"4841 Laurel Canyon Blvd, Valley Village, CA 91607, United States"
http://www.brainfoodcookbook.com/contact.htm,"49 N 8th St, Brooklyn, NY 11211, United States"
http://fontanadnoho.com/,"5513 Fulcher Ave, North Hollywood, CA 91601, United States"
https://jacobplumbers.com/,"5826 W Olympic Blvd, Los Angeles, CA 90036, United States"
https://lawzargari.com/,"5900 Sepulveda Blvd ste 550, Van Nuys, CA 91411, United States"
http://www.quikparklosangelesairport.com/,"9821 Vicksburg Ave, Los Angeles, CA 90045, United States"
http://mccopc.com/,"591 Stewart Ave #510, Garden City, NY 11530, United States"
https://bluesummitseo.com/,"2047 Grace Ave, Los Angeles, CA 90068, United States"
http://www.brooklynmoto.com/,"76 Bayard St, Brooklyn, NY 11222, United States"
https://www.keltonapartments.com/,"520 Kelton Ave, Los Angeles, CA 90024, United States"
https://polyhomes.com/community/cardinal/,"615 Cottonwood Ave, Coquitlam, BC V3J 0N4, Canada"
http://www.houseofblues.com/,"7060 Hollywood Blvd, Hollywood, CA 90028, United States"
https://www.acpny.com/find-a-provider/locations/uniondale-medical-office,"70 Charles Lindbergh Blvd, Uniondale, NY 11553, United States"
http://benjywestbuilders.com/,"855 N W Knoll Dr, West Hollywood, CA 90069, United States"
http://braunhagey.com/,"747 Front St 4th floor, San Francisco, CA 94111, United States"
http://www.electricskyvisuals.com/,"7526 Laurel Canyon Blvd, North Hollywood, CA 91605, United States"
https://www.mmcrealestate.com/,"777 California Ave, Palo Alto, CA 94304, United States"
https://www.advancy.com/en/,"810 7th Ave, New York, NY 10019, United States"
http://www.frame.la/,"733 N Hudson Ave, Los Angeles, CA 90038, United States"
http://www.kita.com/,"4801 Wilshire Blvd, Los Angeles, CA 90010, United States"
https://www.realtyworldgroup.net/,"940 S Western Ave Ste A, Los Angeles, CA 90006, United States"
https://www.chateauhilgard.com/floorplans,"962 Hilgard Ave, Los Angeles, CA 90024, United States"
https://www.625westadams.com/,"625 W Adams St, Chicago, IL 60661, United States"
https://navypier.org/,"600 E Grand Ave, Chicago, IL 60611, United States"
http://www.absstorageproducts.com/,"8100 W McNichols Rd, Detroit, MI 48221, United States"
http://academyofcreativearts.com/,"12 A St, Burlington, MA 01803, United States"
https://aguacalientecasinos.com/properties/cathedral-city/,"68960 E Palm Canyon Dr, Cathedral City, CA 92234, United States"
https://www.acld.org/,"807 S Oyster Bay Rd, Bethpage, NY 11714, United States"
https://www.acld.org/,"300-310 Oser Ave, Hauppauge, NY 11788, United States"
https://www.acld.org/,"807 S Oyster Bay Rd, Bethpage, NY 11714, United States"
https://www.marriott.com/en-us/hotels/stlca-ac-hotel-st-louis-chesterfield/overview/?scid=f2ae0541-1279-4f24-b197-a979c79310b0,"16461 Wild Horse Creek Rd, Chesterfield, MO 63017, United States"
http://www.taxteamvt.com/,"86 Court St, Middlebury, VT 05753, United States"
http://goddeeeeee.com/,"3200 Freedom Park Dr, McClellan Park, CA 95652, United States"
https://www.agamillwork.com/,"178 Newell St, Southington, CT 06489, United States"
http://www.yucatanfoods.com/,"9841 Airport Blvd #1578, Los Angeles, CA 90045, United States"
https://www.bluedripco.com/?utm_source=google&utm_medium=wix_google_business_profile&utm_campaign=11357526615681118,"2350 Saratoga St Unit. 109, Alameda, CA 94501, United States"
http://www.jacobsenfuneral.com/,"1380 New York Ave, Huntington Station, NY 11746, United States"
https://www.lavishcaliforniahomes.com/,"6313 Elvas Ave, Sacramento, CA 95819, United States"
https://promo.brushwatson.com/,"434 Watson St, Detroit, MI 48201, United States"
https://www.retailreinvented.com/,"925 N La Brea Ave 4th floor, Los Angeles, CA 90038, United States"
http://www.saddlebackmaine.com/,"976 Saddleback Mountain Rd, Rangeley, ME 04970, United States"
http://www.onocreative.co.uk/,"1755 Argyle Ave, Los Angeles, CA 90028, United States"
https://artechaventura.com/,"2950 NE 188th St, Miami, FL 33180, United States"
https://www.cusdk8.org/nimitz,"545 Cheyenne Dr, Sunnyvale, CA 94087, United States"
https://office.jacksonhewitt.com/tax-preparation-services-locations/en/ga/atlanta/13-forsyth-street/12950?utm_source=google&utm_medium=local&utm_campaign=local&utm_content=12950,"13 Forsyth St NW Ste G, Atlanta, GA 30303, United States"
http://www.avondaleapartments.net/,"8301 Ashford Blvd, Laurel, MD 20707, United States"
https://www.gethousewell.com/,"68 First Ave, Atlantic Highlands, NJ 07716, United States"
http://www.banfield.com/about-us/contact-us,"18101 SE 6th Way, Vancouver, WA 98683, United States"
http://simons-rock.edu/,"Great Barrington, MA 01230, United States"
https://www.beltone.com/en-us/?sapnumber=0050997003,"625 Barksdale Rd #107, Newark, DE 19711, United States"
http://www.barnstablecountyhealth.org/contact-us,"3195 Main St, Barnstable, MA 02630, United States"
http://newbeginmaine.org/,"134 College St, Lewiston, ME 04240, United States"
http://www.roundtabletechnology.com/,"460 Main St, Lewiston, ME 04240, United States"
https://www.beyervolvocarsfallschurch.com/,"1119 W Broad St, Falls Church, VA 22046, United States"
http://www.bayhousemiami.com/,"600 NE 27th St, Miami, FL 33137, United States"
https://www.heidarilawgroup.com/locations/oakland-attorneys/,"1999 Harrison St Floor 18 Suite 1890, Oakland, CA 94612, United States"
http://www.kosmes.or.kr/sbc/SH/EHP/SHEHP001M0.do,"1730 Minor Ave Suite 1050, Seattle, WA 98101, United States"
https://metparkseattle.com/,"1100 Olive Wy, Seattle, WA 98101, United States"
http://www.wilsonelser.com/offices/26-san_francisco,"655 Montgomery St # 900, San Francisco, CA 94111, United States"
https://www.wework.com/buildings/tabor-center--denver--CO?utm_source=Google&utm_campaign=Organic&utm_medium=Listings,"1200 17th St, Denver, CO 80202, United States"
http://irennesbakery.webs.com/,"229 E Kings St, Avenal, CA 93204, United States"
https://beaurivage.mgmresorts.com/en/restaurants/salt-and-ivy.html?ecid=GMB_BR_RE,"Beau Rivage Resort & Casino, 875 Beach Blvd, Biloxi, MS 39530, United States"
https://www.professionalpt.com/office/montclair-bloomfield-avenue/,"691 Bloomfield Ave, Montclair, NJ 07042, United States"
http://www.oem-online.com/,"3910 Park Ave #1, Edison, NJ 08820, United States"
http://www.scottdavidlippemd.com/,"230 E Ridgewood Ave, Paramus, NJ 07652, United States"
http://co.bergen.nj.us/,"15 Court St, Hackensack, NJ 07601, United States"
http://www.dmcleanco.com/,"3001 US-130, Delran Township, NJ 08075, United States"
http://www.universityhealth.com/?utm_source=Yext&utm_medium=online_listings_location&utm_campaign=UH_digital&utm_content=UH_University_Hospital,"4502 Medical Dr, San Antonio, TX 78229, United States"
http://www.saamstudio.com/contact/,"1850 Industrial St, Los Angeles, CA 90021, United States"
https://www.ihg.com/candlewood/hotels/us/en/sumter/sumbh/hoteldetail?cm_mmc=GoogleMaps-_-CW-_-US-_-SUMBH,"2541 Broad St, Sumter, SC 29150, United States"
https://www.chilis.com/locations/us/south-carolina/sumter/sumter?utm_source=google&utm_medium=local&utm_campaign=Chilis,"2505 Broad St, Sumter, SC 29150, United States"
https://locations.arbys.com/sc/sumter/1280-broad-st.html?utm_source=google%20my%20business&utm_medium=organic&utm_campaign=website%20link,"1280 Broad St, Sumter, SC 29150, United States"
https://unionrec.com/,"545 S Main St, Ann Arbor, MI 48104, United States"
http://clackamassunriserotary.org/us-2/contact-us/,"5000 SE International Way, Milwaukie, OR 97222, United States"
https://www.ci.calistoga.ca.us/city-hall/departments-services/recreation-services/aquatics/pool-schedule,"1745 Washington St, Calistoga, CA 94515, United States"
https://laurelpark.bufsd.org/,"48 Swan Pl, Brentwood, NY 11717, United States"
https://northmiddle.bufsd.org/,"350 Wicks Rd, Brentwood, NY 11717, United States"
https://www.brighamandwomens.org/orthopaedic-and-arthritis-center,"60 Fenwood Rd 2nd Floor, Boston, MA 02115, United States"
https://www.brivillage.com/?utm_knock=g,"2233 N Records Way, Meridian, ID 83646, United States"
http://www.waltersautoservices.com/,"5617 W Michigan Ave, Kalamazoo, MI 49009, United States"
http://waltersautos.com/,"1600 S Drake Rd, Kalamazoo, MI 49006, United States"
http://www.charqute.com/,"201 E Angeleno Ave, Burbank, CA 91502, United States"
http://www.aromafragrance.us/,"1469 Nostrand Ave, Brooklyn, NY 11226, United States"
https://theparkwoodbridge.com/?utm_source=obl&utm_medium=organic,"55 Brook St, Woodbridge, NJ 07095, United States"
https://www.cabriomechanical.com/,"2350 S Huron Pkwy Suite A, Ann Arbor, MI 48104, United States"
https://www.cadillacofnovi.com/service-center.htm,"41350 Grand River Ave, Novi, MI 48375, United States"
https://www.caesars.com/caesars-southern-indiana/things-to-do/nightlife/volt-lounge-bar?utm_campaign=gmb&utm_source=google&utm_medium=local&utm_term=UEL12&utm_content=lounge&y_source=1_MTAyNzIwOTExOC03MTUtbG9jYXRpb24ud2Vic2l0ZQ%3D%3D,"Caesars Southern Indiana, 11999 Casino Center Dr SE, Elizabeth, IN 47117, United States"
https://calandrasmarketanddeli.com/,"Located inside Calandra's Italian Village, 234 Bloomfield Ave, Caldwell, NJ 07006, United States"
http://www.cacdlservices.com/,"1701 S B St, Stockton, CA 95206, United States"
http://oig.ca.gov/,"10111 Old Placerville Rd, Sacramento, CA 95827, United States"
https://www.livecanyonoaks.com/?utm_knock=g,"4627 Thomas Lake Harris Dr, Santa Rosa, CA 95403, United States"
https://www.cardinalevw.com/,"500 Auto Center Cir, Salinas, CA 93907, United States"
http://www.cardinaleway.com/,"3239 Imjin Rd Suite 300, Marina, CA 93933, United States"
https://www.secretservice.gov/,"100 S Charles St # 11, Baltimore, MD 21201, United States"
https://www.farmatcarneros.com/,"4048 Sonoma Hwy, Napa, CA 94559, United States"
http://www.bristolallheart.com/,"111 N Main St, Bristol, CT 06010, United States"
https://www.casinodelsol.com/dining/streetscape-pizza-deli,"5655 W Valencia Rd #9714, Tucson, AZ 85757, United States"
https://detroitmi.gov/departments/municipal-parking-department,"1600 W Lafayette Blvd, Detroit, MI 48216, United States"
https://www.dmv.ca.gov/portal/dmv,"4260 Market St, Ventura, CA 93003, United States"
http://www.gsbdc.com/,"M&T Bank Bldg, 101 S Salina St #1030, Syracuse, NY 13202, United States"
http://www.prologis.com/,"One, Meadowlands Plaza Suite 100, East Rutherford, NJ 07073, United States"
http://www.prologis.com/,"One, Meadowlands Plaza Suite 100, East Rutherford, NJ 07073, United States"
https://www.guycarp.com/,"445 South St, Morristown, NJ 07960, United States"
https://www.capsonoma.org/,"2250 Northpoint Pkwy, Santa Rosa, CA 95407, United States"
https://www.uscis.gov/about-us/find-a-uscis-office/field-offices,"12484 E Weaver Pl, Centennial, CO 80111, United States"
https://www.cambrianrisevt.com/laurentide/,"65 Cambrian Way, Burlington, VT 05401, United States"
https://www.wyndhamhotels.com/en-ca/ramada/penticton-british-columbia/balcomo-a-ramada/overview?CID=LC:wmcic5n98gs1g0r:07840&iata=00093796,"1050 Eckhardt Ave W, Penticton, BC V2A 2C3, Canada"
https://www.waterloo.ca/en/living/bylaws-and-enforcement.aspx,"100 Regina St S, Waterloo, ON N2J 4P9, Canada"
http://davisonmuseum.com/,"263 E 4th St, Davison, MI 48423, United States"
https://www.michigan.gov/sos,"300 N Main St, Davison, MI 48423, United States"
http://www.itwautomotive.com/,"100 Kirts Blvd, Troy, MI 48084, United States"
http://www.somersetskincentre.com/,"255 Kirts Blvd #100, Troy, MI 48084, United States"
http://www.milfordtownship.com/,"1100 Atlantic St, Milford, MI 48381, United States"
http://www.novilibrary.org/,"45255 W 10 Mile Rd, Novi, MI 48375, United States"
http://www.icucc.org/,"1 Hovey St, Oxford, MI 48371, United States"
http://www.kojaian.com/,"39400 Woodward Ave #250, Bloomfield Hills, MI 48304, United States"
http://www.manorth.com/,"245 Gratiot St, Copper Harbor, MI 49918, United States"
https://www.manorth.com/,"255 Gratiot St, Copper Harbor, MI 49918, United States"
http://www.cupcakesandkisses19.com/,"108 S Saginaw St, Holly, MI 48442, United States"
https://www.chefswarehouse.com/,"240 Food Center Dr, Bronx, NY 10474, United States"
https://www.chinohillsford.com/service-appointment.htm?utm_source=organic&utm_medium=googlebusinessprofile&utm_campaign=TK-GBP,"4480 Chino Hills Pkwy, Chino, CA 91710, United States"
https://www.chipperslanes.com/locations/830northfortcollins/,"830 N College Ave, Fort Collins, CO 80524, United States"
https://www.chipperslanes.com/locations/fort-collins-horsetooth/,"217 W Horsetooth Rd, Fort Collins, CO 80525, United States"
https://www.cvtc.edu/experience-cvtc/campuses/transportation-education-center,"3810 Campus Rd, Eau Claire, WI 54703, United States"
https://www.spotangels.com/#id=2164543&?ref=google_maps_website,"108-03 Beach Channel Dr, Far Rockaway, NY 11694, United States"
http://www.burlingame.org/,"501 Primrose Rd, Burlingame, CA 94010, United States"
http://westlinnoregon.gov/,"22500 Salamo Rd # 900, West Linn, OR 97068, United States"
http://www.citiviewterrace.com/,"5407 Colfax Ave #201, Valley Village, CA 91601, United States"
http://www.goweytitle.com/,"519 Main St W, Ashland, WI 54806, United States"
http://www.goweytitle.com/,"519 Main St W, Ashland, WI 54806, United States"
http://www.augustamaine.gov/,"16 Cony St, Augusta, ME 04330, United States"
https://www.raymondjames.com/maineretirementcenter/,"320 Water St, Augusta, ME 04330, United States"
https://www.coalinga.com/312/Licenses-Permits-Taxes,"155 W Durian Ave, Coalinga, CA 93210, United States"
https://www.duluthga.net/services/municipal_court/index.php,"3276 Buford Hwy, Duluth, GA 30096, United States"
https://www.fcgov.com/cityclerk/,"300 Laporte Ave A, Fort Collins, CO 80521, United States"
https://www.nlrchamber.org/,"100 Main St, North Little Rock, AR 72114, United States"
http://www.legalaidnc.org/,"148 S Washington St #105, Rocky Mount, NC 27801, United States"
https://www.viverettefurniture.com/,"140 NW Main St, Rocky Mount, NC 27804, United States"
https://www.ymcasd.org/,"3708 Ruffin Rd, San Diego, CA 92123, United States"
http://www.sandiego.gov/stormwater/,"9370 Chesapeake Dr STE 100, San Diego, CA 92123, United States"
https://www.sunnyvale.ca.gov/your-government/departments/public-works,"456 W Olive Ave, Sunnyvale, CA 94086, United States"
https://theearlapartments.com/,"1122 N Hudson St, Arlington, VA 22201, United States"
https://stockbridgega.org/,"4640 N Henry Blvd, Stockbridge, GA 30281, United States"
https://clarksburgcondo2.com/,"12824 Clarksburg Square Rd, Clarksburg, MD 20871, United States"
http://www.nationalguard.com/ca?utm_campaign=2019smspcamediabuy2&utm_source=5&utm_medium=yext752923googlemybusiness&utm_content=web,"2800 Gateway Ave, Bakersfield, CA 93307, United States"
https://beamforall.com/,"5660 Eastgate Dr, San Diego, CA 92121, United States"
http://www.ci.colton.ca.us/,"160 S 10th St, Colton, CA 92324, United States"
https://www.wirzco.com/,"444 Colton Ave, Colton, CA 92324, United States"
https://www.greenpath.com/?utm_source=google&utm_medium=gmb,"36500 Corporate Dr, Farmington Hills, MI 48331, United States"
https://www.choicehotels.com/connecticut/guilford/comfort-inn-hotels/ct051?mc=llgoxxpx,"300 Boston Post Rd, Guilford, CT 06437, United States"
http://greatertucsonleadership.org/,"5049 E Broadway Blvd, Tucson, AZ 85711, United States"
http://greatertucsonleadership.org/,"5049 E Broadway Blvd, Tucson, AZ 85711, United States"
https://www.cocosheriff.org/,"5555 Giant Hwy, Richmond, CA 94806, United States"
https://www.coolbnbs.com/,"76 E 1st St, Ocean Isle Beach, NC 28469, United States"
http://www.beechgetaway.com/,"608 Beech Mountain Pkwy, Beech Mountain, NC 28604, United States"
https://www.benjaminmoore.com/en-us,"Duane Ave, Battle Creek, MI 49037, United States"
http://www.cornbeltenergy.com/,"1702 W Peru St, Princeton, IL 61356, United States"
https://www.thedevonwilmington.com/,"2401 Pennsylvania Ave, Wilmington, DE 19806, United States"
https://www.kauai.gov/DMV,"4444 Rice St, Lihue, HI 96766, United States"
https://www.cranburybuickgmc.com/,"2730 US-130, Cranbury, NJ 08512, United States"
https://www.cranburybuickgmc.com/,"2730 US-130, Cranbury, NJ 08512, United States"
http://www.langdevelopmentgroup.com/,"100 Dean Dr, Newark, DE 19711, United States"
http://www.johnelkhourylaw.com/,"26648 Van Dyke Ave, Center Line, MI 48015, United States"
https://www.critzbuickgmc.com/service.htm?utm_source=google&utm_medium=organic&utm_campaign=gbp+service&utm_content=website,"7000 Abercorn St, Savannah, GA 31406, United States"
https://www.miracle-ear.com/stores-near-me/hearing-aids-east-brunswick-nj/miracle-ear-hearing-aid-center-route-18-south-s11114?mci=USGMB402UBI2AAR,"285-291 NJ-18 A, East Brunswick, NJ 08816, United States"
http://www.crystalbaycasino.com/,"14 NV-28, Crystal Bay, NV 89402, United States"
https://www.invertigodance.org/vision,"Culver City, CA 90230, United States"
https://www.mariettaeye.com/our-locations/cumming-eye-doctors/,"2860 Ronald Reagan Blvd STE. 210, Cumming, GA 30041, United States"
https://www.usaichamber.com/,"1605 W Olympic Blvd, Los Angeles, CA 90015, United States"
https://www.roswellgov.com/SmithPlantation,"935 Alpharetta St, Roswell, GA 30075, United States"
https://www.dallascounty.org/government/public-defender/,"133 N Riverfront Blvd #9, Dallas, TX 75207, United States"
https://nightlightskids.org/locations/,"2605 W 144th Ave, Broomfield, CO 80023, United States"
https://local.fedex.com/en/drop-box-self-service,"222 Republic Dr, Allen Park, MI 48101, United States"
https://go.g3enterprises.com/l/885323/2022-05-31/7n3r3,"2425 Mission St, San Miguel, CA 93451, United States"
https://www.dsh.ca.gov/Atascadero/index.html,"10333 El Camino Real, Atascadero, CA 93422, United States"
https://mannyspizza.rakoon.biz/,"1425 Mission St, San Miguel, CA 93451, United States"
https://www.newburybusinesspk.com/,"3525 Old Conejo Rd #101, Newbury Park, CA 91320, United States"
https://www.chp.ca.gov/,"101 Duncan Rd, Templeton, CA 93465, United States"
https://www.nationalguard.com/,"2200 Redondo Ave, Long Beach, CA 90822, United States"
http://www.cpshr.us/,"2450 Del Paso Rd #220, Sacramento, CA 95834, United States"
http://www.rn.ca.gov/,"1747 N Market Blvd, Sacramento, CA 95834, United States"
https://www.jfrancisfloraldesign.com/,"5116 Julia Berger Cir, Fairfield, CA 94534, United States"
http://ohv.parks.ca.gov/?page_id=1179,"7800 Cienega Rd, Hollister, CA 95023, United States"
http://ohv.parks.ca.gov/?page_id=1192,"5301 Ralphs Ranch Rd, Gorman, CA 93243, United States"
https://tools.usps.com/locations/details/1388046?utm_source=google-my-business-url&utm_medium=search&utm_campaign=yext,"2127 W Winterhaven Dr, Winterhaven, CA 92283, United States"
http://www.pintocs.com/,"132 Dingens St, Buffalo, NY 14206, United States"
https://www.liveatdomus.com/?utm_source=GBP&utm_medium=organic&utm_knock=g&cpm=google,"2650 W El Camino Real, Mountain View, CA 94040, United States"
https://www.cedarparkcommunity.com/,"199 Cedar Park Blvd, Easton, PA 18042, United States"
http://www.easthavenannarbor.com/,"2140 S Huron Pkwy, Ann Arbor, MI 48104, United States"
http://dandyacreslodge.com/,"56560 10 Mile Rd, South Lyon, MI 48178, United States"
https://about.funko.com/,"6201 Hollywood Blvd #100, Los Angeles, CA 90028, United States"
https://tools.usps.com/locations/details/1375800?utm_source=google-my-business-url&utm_medium=search&utm_campaign=yext,"400 Del Antico Ave, Oakley, CA 94561, United States"
https://www.hiebing.com/,"315 Wisconsin Ave, Madison, WI 53703, United States"
http://www.jobellahairsalon.com/,"623 Spotswood Englishtown Rd, Monroe Township, NJ 08831, United States"
https://www.theedgeatmain.com/,"125 W Main St, Somerville, NJ 08876, United States"
http://deeplakeventures.com/,"2223 S Shore Dr, Holland, MI 49423, United States"
http://www.directax.net/,"201 3rd St S, Jacksonville Beach, FL 32250, United States"
https://www.elcentrohollywood.com/?utm_knock=gmb?utm_source=google&utm_medium=gmb&utm_campaign=El%20Centro%20SEO,"6200 Hollywood Blvd, Los Angeles, CA 90028, United States"
https://www.epud.org/,"33733 Seavey Loop Rd, Eugene, OR 97405, United States"
http://goopkitchen.com/,"710 S Allied Way Unit D, El Segundo, CA 90245, United States"
https://www.empireatfairfax.com/,"1001 N Fairfax Ave, West Hollywood, CA 90046, United States"
http://www.encantadacontinentalreserve.com/,"6101 Arizona Pavilions Dr, Tucson, AZ 85743, United States"
http://www.savayacoffee.com/,"11177 N Oracle Rd, Oro Valley, AZ 85737, United States"
https://evcharging.enelx.com/,"360 Industrial Rd, San Carlos, CA 94070, United States"
http://www.tirepartnersoftexas.com/,"4900 Langdon Rd Suite 300, Dallas, TX 75241, United States"
http://www.fsg.com/,"263 S Mulberry, Mesa, AZ 85202, United States"
https://nationalintegritytitle.com/,"1 Holtec Dr Suite #102, Marlton, NJ 08053, United States"
http://www.cenex.com/,"619 Front St N, Barnesville, MN 56514, United States"
https://www.sandrtruckplaza.com/,"1609 Business Loop E, Jamestown, ND 58401, United States"
http://www.eruuf.org/,"4907 Garrett Rd, Durham, NC 27707, United States"
http://www.theharrisonmep.com/?rcstdid=Mg%3D%3D-YRjTEizZPgM%3D,"400 Paddock Cir, Newtown Square, PA 19073, United States"
https://www.eskaton.org/live-well-home,"5105 Manzanita Ave, Carmichael, CA 95608, United States"
http://www.evertz.com/,"5292 John Lucas Dr, Burlington, ON L7L 5Z9, Canada"
http://www.tillys.com/,"10 Whatney, Irvine, CA 92618, United States"
http://www.soccerandrugby.com/,"11 Executive Dr, Farmington, CT 06032, United States"
https://www.phoenix.gov/waterservices/tresrios,"Tres Rios Wetlands, Tolleson, AZ 85353, United States"
https://www.livelunavilla.com/?utm_knock=gmb,"3333 W Dunlap Ave, Phoenix, AZ 85051, United States"
https://www.digitxworld.com/,"1550 Mission St apt 2209, San Francisco, CA 94103, United States"
https://strada234.com/,"234 Causeway St, Boston, MA 02114, United States"
https://chaossearch.io/,"226 Causeway St, Boston, MA 02114, United States"
https://www.plentyofplaces.com/flats-at-fitz,"13034 E 14th Ave, Aurora, CO 80011, United States"
https://sites.google.com/view/betterdonedetailing/home,"21 Charles St, Cambridge, MA 02141, United States"
http://www.urbanvaluestore.com/,"900 Lake Carolyn Pkwy Suite 152, Irving, TX 75039, United States"
https://www.fordhouse.org/the-estate/the-grounds/,"1100 Lake Shore Rd, Grosse Pointe Shores, MI 48236, United States"
https://theotisfortben.com/?utm_knock=w,"9310 Otis Ave, Indianapolis, IN 46216, United States"
https://ironwoodfinancial.com/,"1926 E Fort Lowell Rd Suite #100, Tucson, AZ 85719, United States"
https://www.yelp.com/biz/ma-properties-oakland,"353 Euclid Ave, Oakland, CA 94610, United States"
https://www.fountainheadtowers.com/,"11604 Coastal Hwy, Ocean City, MD 21842, United States"
http://www.linkfreeassociates.com/,"939 S Edward Dr, Tempe, AZ 85281, United States"
http://www.sdb.com/,"1001 S Edward Dr, Tempe, AZ 85281, United States"
https://1201broadway.com/,"1201 Broadway, New York, NY 10001, United States"
https://www.toyotaplace.com/service/,"9670 Trask Ave, Garden Grove, CA 92844, United States"
https://www.toyotaplace.com/?utm_source=google&utm_medium=organic&utm_campaign=gmb_local&utm_content=Website_CTA,"9670 Trask Ave, Garden Grove, CA 92844, United States"
http://www.ga.com/,"3550 General Atomics Ct, San Diego, CA 92121, United States"
http://www.trailersourceinc.com/,"4040 Salazar Way, Frederick, CO 80504, United States"
http://www.gpcsilicones.com/,"G4133 S Dort Hwy, Burton, MI 48529, United States"
http://www.gerberrvtruckandbus.com/,"60 Burlews Ct, Hackensack, NJ 07601, United States"
https://www.redroof.com/property/nj/mount-holly/rri306?utm_source=GMB&utm_medium=Google&utm_campaign=GMB_Performance_RRI306,"2015 Burlington-Mount Holly Rd, Mt Holly, NJ 08060, United States"
https://jmfrentals.com/projects/clarus-glen-ridge/?utm_source=gbp&utm_medium=organic&utm_campaign=GBP&utm_id=JMF-ClarusGlenRidge,"277 Baldwin St, Glen Ridge, NJ 07028, United States"
https://www.watershedrenton.com/?utm_knock=g,"625 Williams Ave S, Renton, WA 98057, United States"
http://lgblawyer.com/,"IDI, 1177 W Hastings St Suite 433, Vancouver, BC V6E 2K3, Canada"
https://www.dgcoursereview.com/course.php?id=4268,"300 Southern Pines Reservoir Park Trail, Southern Pines, NC 28387 Southern Pines Reservoir Park Trail, Southern Pines, NC 28387, United States"
http://www.theheritageflag.com/,"230 S Bennett St, Southern Pines, NC 28387, United States"
http://www.grandeastoniansuiteshotel.com/,"140 Northampton St, Easton, PA 18042, United States"
https://www.granlibakken.com/,"725 Granlibakken Rd, Tahoe City, CA 96145, United States"
http://www.greatswampconservancy.org/,"8375 N Main St, Canastota, NY 13032, United States"
http://gcv.condos/,"Earles Ln, Newtown Square, PA 19073, United States"
https://www.greeneffectslandscaping.com/,"7889 US-20, Manlius, NY 13104, United States"
http://www.sorbellos.net/,"810 Genesee Turnpike, Chittenango, NY 13037, United States"
https://www.greystonemeadows.com/?switch_cls[id]=25368&utm_source=google%20-%20entratammb&utm_medium=organic&utm_campaign=gmb&utm_content=website%20click,"31500 1st Ave S, Federal Way, WA 98003, United States"
http://www.hanonsystems.com/,"39600 Lewis Dr, Novi, MI 48377, United States"
http://forkingsearrle.com/,"2600 2nd Ave, Seattle, WA 98121, United States"
https://www.havenwarnercenter.com/?utm_source=GBP&utm_medium=organic,"6530 Independence Ave, Canoga Park, CA 91303, United States"
https://www.junkluggers.com/west-la/?utm_source=google&utm_medium=gbp,"12655 Bluff Creek Dr Unit 324, Playa Vista, CA 90094, United States"
http://www.decoffice.com/,"6A Rte 9W, West Haverstraw, NY 10993, United States"
http://www.longlakeplaza.com/,"1147 E Long Lake Rd, Troy, MI 48085, United States"
https://www.coombslaw.com/,"1211 Division St, Napa, CA 94559, United States"
https://www.spacesworks.com/san-mateo/clocktower?utm_source=yext_places_gmb&utm_medium=places&utm_campaign=yext_traffic&utm_content=4448,"3 E 3rd Ave Suite 200, San Mateo, CA 94401, United States"
https://www.hea.coop/,"1300 S Interocean Ave, Holyoke, CO 80734, United States"
http://www.stemsyakima.com/,"399 E Yakima Ave, Yakima, WA 98901, United States"
https://denvergov.org/Government/Agencies-Departments-Offices/Agencies-Departments-Offices-Directory/Office-of-the-Municipal-Public-Defender,"710 W Colfax Ave, Denver, CO 80204, United States"
https://www.mypricechopper.com/store-details?storeId=101,"7201 W 151st St, Overland Park, KS 66223, United States"
https://hoekstratransportation.com/?utm_source=Google&utm_medium=Organic&utm_content=GMB,"555 Oliver, Troy, MI 48084, United States"
https://www.ihg.com/holidayinnexpress/hotels/us/en/ankeny/dsmak/hoteldetail,"2502 SE Hulsizer Dr, Ankeny, IA 50021, United States"
https://www.ihg.com/holidayinn/hotels/us/en/plainview/nycpv/hoteldetail?cm_mmc=GoogleMaps-_-HI-_-US-_-NYCPV,"215 Sunnyside Blvd, Plainview, NY 11803, United States"
http://www.topcleaning.online/,"7135 Hollywood Blvd, Los Angeles, CA 90046, United States"
https://www.hilton.com/en/hotels/laxwwht-home2-suites-woodland-hills-los-angeles/?SEO_id=GMB-AMER-HT-LAXWWHT&y_source=1_Mjc3Mjg5MzgtNzE1LWxvY2F0aW9uLndlYnNpdGU%3D,"21110 W Oxnard St, Los Angeles, CA 91367, United States"
https://www.thelookout.net/,"2177 Clute Rd, Cortland, NY 13045, United States"
https://hotelcongress.com/restaurants/maynards/,"400 N Toole Ave, Tucson, AZ 85705, United States"
https://www.viderela.com/,"6317 Wilshire Blvd, Los Angeles, CA 90048, United States"
http://wyattmarley.com/,"320 Albany St, New York, NY 10280, United States"
https://www.battsconsulting.com/,"2200 Hunt St Suite 440, Detroit, MI 48207, United States"
https://www.idevw.com/?utm_source=google&utm_medium=organic&utm_campaign=googlemybusiness,"333 N Washington St, East Rochester, NY 14445, United States"
https://www.turbotenant.com/?utm_source=google&utm_medium=organic&utm_campaign=gmb,"320 E Vine Dr, Fort Collins, CO 80524, United States"
http://www.unitedutility.com/,"16 Hemlock St, Latham, NY 12110, United States"
https://www.icebnj.net/,"402 New Brunswick Ave, East Brunswick, NJ 08816, United States"
http://www.jacksonremc.com/,"274 E Base Rd, Brownstown, IN 47220, United States"
http://www.stonestreetwines.com/,"7111 CA-128, Healdsburg, CA 95448, United States"
http://www.kj.com/,"5007 Fulton Rd, Santa Rosa, CA 95403, United States"
https://www.landscaperinsequim.com/contact-ona/,"653 Chicken Coop Rd, Sequim, WA 98382, United States"
http://www.caspidevelopment.com/,"120 Bloomingdale Rd # 105, White Plains, NY 10605, United States"
https://www.rossstores.com/,"95-221 Kipapa Dr, Mililani, HI 96789, United States"
https://tools.usps.com/locations/details/1373452?utm_source=google-my-business-url&utm_medium=search&utm_campaign=yext,"17363 CO-17, Moffat, CO 81143, United States"
http://www.centralkymysticalmarket.com/,"1950 Newtown Pike, Lexington, KY 40511, United States"
http://mikopia.com/,"98 Cutter Mill Rd #395, Great Neck, NY 11021, United States"
http://www.smithscolonialmotel.com/,"23085 NY-97, Hancock, NY 13783, United States"
https://kiddieacademy.com/academies/columbine/,"6650 W Ken Caryl Ave, Littleton, CO 80128, United States"
https://kiddieacademy.com/academies/columbine/,"6650 W Ken Caryl Ave, Littleton, CO 80128, United States"
https://www.officeevolution.com/locations/san-antonio-sonterra/?utm_content=gmb&utm_term=san-antonio-sonterra,"1846 N Loop 1604 W Ste 205, San Antonio, TX 78248, United States"
http://elliman.com/california?utm_source=GMB_office&utm_medium=organic&utm_campaign=Beverly_Hills_office,"150 S El Camino Dr, Beverly Hills, CA 90212, United States"
http://www.calabresearts.org/,"660 E Cypress St, Kennett Square, PA 19348, United States"
https://killamreit.com/apartments/cambridge-on/saginaw-park-0,"680 Saginaw Pkwy, Cambridge, ON N1T 1V9, Canada"
https://www.hilton.com/en/hotels/myrkpes-kingston-plantation-condos/?SEO_id=GMB-AMER-ES-MYRKPES&y_source=1_MTExMDAxNi03MTUtbG9jYXRpb24ud2Vic2l0ZQ%3D%3D,"9800 Queensway Blvd, Myrtle Beach, SC 29572, United States"
https://www.hilton.com/en/hotels/myrbhhh-hilton-myrtle-beach-resort/?SEO_id=GMB-AMER-HH-MYRBHHH&y_source=1_MTIyMDc2Mi03MTUtbG9jYXRpb24ud2Vic2l0ZQ%3D%3D,"10000 Beach Club Dr, Myrtle Beach, SC 29572, United States"
https://evcharging.enelx.com/,"360 Industrial Rd, San Carlos, CA 94070, United States"
https://www.enelx.com/it/it/privati/mobilita-elettrica/juicepass,"1133 NM-554, El Rito, NM 87530, United States"
http://www.visitquesta.com/,"1 NM-38, Questa, NM 87556, United States"
https://www.questalibrary.org/,"6 1/2 Municipal Park Rd, Questa, NM 87556, United States"
http://www.edisonglen.org/,"1304 Edison Glen Terrace, Edison Twp, NJ 08837, United States"
https://www.kogoev.com/,"930 NH-16, Ossipee, NH 03864, United States"
https://www.koops.com/,"987 Productions Ct, Holland, MI 49423, United States"
http://proshop.patriots.com/,"1 Patriot Pl, Foxborough, MA 02035, United States"
https://angelscamprv.com/,"3069 CA-49, Angels Camp, CA 95222, United States"
https://witheyinsurance.ca/,"395 Centre St N #100, Huntsville, ON P1H 2P5, Canada"
http://www.carlingpropane.ca/,"228 Taylor Rd, Bracebridge, ON P1L 1V2, Canada"
http://www.larryspaccgmc.com/,"4037 Vineyard Dr, Dunkirk, NY 14048, United States"
http://latitudelex.com/,"299 Squires Cir, Lexington, KY 40515, United States"
https://sdairporttransport.com/los-angeles-transportation-from-san-diego-lax/,"5757-5767 W Century Blvd Suite 700-12, Los Angeles, CA 90045, United States"
https://locations.dunkindonuts.com/en/ca/los-angeles/1326-west-anaheim-st/355684?utm_source=google&utm_medium=local&utm_campaign=localmaps&utm_content=355684&y_source=1_MTIxMTI4MjktNzE1LWxvY2F0aW9uLndlYnNpdGU%3D,"1326 W Anaheim St, Wilmington, CA 90744, United States"
https://loonagroup.com/,"7617 Santa Monica Blvd suit B12, Los Angeles, CA 90046, United States"
https://liveatessence.com/?rccustomid=MzAwOTM=-3IFf8x3gokA=&utm_source=google&utm_medium=organic&utm_campaign=gmb,"6041 Variel Ave, Los Angeles, CA 91367, United States"
https://ommasonry.com/,"167 Ronald Rd, Lakewood, NJ 08701, United States"
http://www.pubknow.com/,"600 Airport Rd, Lakewood, NJ 08701, United States"
https://www.walnutcreekhealth.com/,"11185 Edinboro Rd Unit D, Edinboro, PA 16412, United States"
http://www.russellcountychamber.com/,"650 US-127, Russell Springs, KY 42642, United States"
https://www.elderserveinc.org/,"631 S 28th St, Louisville, KY 40211, United States"
http://theclubforboys.org/thrift-store/,"960 Cambell St, Rapid City, SD 57701, United States"
https://www.drivelibertysubaru.com/?utm_source=google&utm_medium=organic&utm_campaign=googlemybusiness,"1000 E Park Ave, Libertyville, IL 60048, United States"
http://www.catansg.com/,"1201 N 3rd St Suite 330, Philadelphia, PA 19123, United States"
http://www.tppkc.com/,"7300 College Blvd, Overland Park, KS 66210, United States"
https://www.facebook.com/amsterdamalleybarlounge,"9 W Price St, Linden, NJ 07036, United States"
https://lippmanrecupero.com/,"1325 N Wilmot Rd, Tucson, AZ 85712, United States"
https://www.lrcr.com/dining/river-rock-sportsbook-and-grill?utm_source=google&utm_medium=Yext&y_source=1_MTkxNjcyNjktNzE1LWxvY2F0aW9uLndlYnNpdGU=,"2700 Orchard Hwy, Manistee, MI 49660, United States"
http://www.theescondite.com/,"410 Boyd St, Los Angeles, CA 90013, United States"
https://www.lbct.com/Home/Default,"Pier F Ave, Long Beach, CA 90802, United States"
https://patentlawip.com/?utm_campaign=GMB,"9025 Wilshire Blvd Suite 301, Beverly Hills, CA 90211, United States"
https://allogene.com/,"7400 Gateway Blvd, Newark, CA 94560, United States"
